,ticker,beta
0,ALT,0.1734174574558635
1,ARM,-0.04213135977101248
2,DMC,0.1327479052413921
3,DNP,0.2851502725554533
4,DXL,0.010705666650413522
5,L43,-0.009874717924716406
6,LBE,-0.2009062793181129
7,NT2,0.7720007172513043
8,ORS,1.8811716020977252
9,RCL,0.5073301074347066
10,SGH,-0.03506965019130841
11,TDH,1.063717389162674
12,TMW,0.0
13,TNB,0.08061599737896831
14,VID,0.2761870387002687
15,VKC,0.3173569555035818
16,AAA,1.2759519755394944
17,AAM,0.36975683174496493
18,ABI,0.2134371331670415
19,ABT,0.36297180116167344
20,ACB,0.8942165233659509
21,ACC,0.21557644769286763
22,ACE,0.17590067245137747
23,ACL,0.6919920668175908
24,ADC,0.49834106666022465
25,AGF,0.13659532039579353
26,AGR,1.8922121341193672
27,ALV,0.8079308010720161
28,AMC,0.17418825930538825
29,AME,0.16292200785797262
30,AMV,1.1674175510976583
31,ANV,1.4276916247973521
32,APC,0.43819782524031425
33,APG,1.4477371364029725
34,API,1.9875732576881704
35,APP,0.49105911358070126
36,APS,2.2533921258232414
37,ASA,0.0
38,ASM,1.4364846759008782
39,ASP,0.39186393789588103
40,ATA,0.023927960577060283
41,AVF,0.4268952291101413
42,B82,0.19946347645589374
43,BBC,0.1849880310736992
44,BBS,0.17118313475709981
45,BCC,1.725443231720818
46,BCE,0.5787372363723233
47,BDB,0.14599140186437515
48,BED,-0.048178286743359236
49,BHC,0.11081523024175133
50,BIC,0.3473019803760807
51,BKC,0.0650000456906631
52,BMC,0.7056323404689906
53,BMI,0.9355611458126505
54,BMJ,1.0857940942411946
55,BMP,0.7696401503463713
56,BPC,0.3107976851319874
57,BRC,0.19842351168770772
58,BSC,-0.012193389684484917
59,BSI,2.014684761994117
60,BST,0.004447732609086175
61,BT6,0.0646611346476497
62,BTG,0.21114265090446924
63,BTH,-0.869815285430913
64,BTP,0.45054101476932856
65,BTS,0.84786736679651
66,BTT,-0.09615113061306726
67,BTW,0.37052809266790776
68,BVG,1.2919922920345277
69,BVH,0.7925615598576847
70,BVN,-0.8928806644858669
71,BVS,1.7318211047114036
72,BWA,-0.2951393953749754
73,BXH,-0.2142054407160012
74,C21,0.24536447336152206
75,C32,0.44787856879433907
76,C47,0.8688009464425007
77,C92,1.166461892715094
78,CAD,0.28938671273575856
79,CAN,-0.08228982460138773
80,CAP,0.2334685255356116
81,CCI,0.30739450711799554
82,CCL,1.0102118927451382
83,CCM,0.18961213665337878
84,CDC,0.21984055242103417
85,CHP,0.12989265844635528
86,CI5,-0.02778277844503812
87,CID,0.5415075375224709
88,CIG,0.8111840750453695
89,CII,1.905340131885859
90,CJC,-0.16284682417597118
91,CKV,0.09953903742248858
92,CLC,0.02726694514320982
93,CLG,0.28348125089634185
94,CLW,-0.0940199875761095
95,CMC,0.5928632401783556
96,CMG,0.6844713098409583
97,CMI,-0.2616721089799392
98,CMS,0.8274086630671197
99,CMT,0.7958714729065526
100,CMV,-0.01814206132998096
101,CMX,1.2745039477308044
102,CNG,0.8954797112350925
103,CNT,0.3383724195656685
104,COM,0.26474178957815137
105,CPC,0.10301859581000349
106,CSC,1.7455679223187563
107,CSM,0.009025044967943497
108,CT3,0.12773096449575433
109,CT6,-0.5329598090423119
110,CTA,-0.02899594749140589
111,CTB,-0.25364912670755063
112,CTC,0.9706271337733815
113,CTD,1.5259713556005945
114,CTG,1.0225704157656321
115,CTI,1.2379947227795947
116,CTN,0.2985851561844545
117,CTS,2.121726751931918
118,CVN,0.9595231628071906
119,CVT,-0.13979595961712155
120,CX8,0.3427974726040402
121,CYC,-0.042399005961679136
122,D11,0.4487941608459019
123,D2D,0.6595553212434081
124,DAC,0.029944574374964533
125,DAD,0.06372957272679458
126,DAE,0.05580583902170524
127,DAG,0.8436967257745408
128,DBC,1.4573311655865415
129,DBM,0.06803322724543712
130,DBT,0.3227488676665944
131,DC2,0.8073856270983778
132,DC4,1.1391621426340643
133,DCL,0.35160248245239345
134,DCS,0.04233251984836078
135,DCT,0.30873019373933835
136,DDM,0.08235525555475667
137,DDN,0.5628399806300316
138,DGT,1.6499808565040461
139,DHA,0.7877143203570043
140,DHC,0.7087401269024427
141,DHG,0.3646782262630737
142,DHT,0.4397838151143897
143,DIC,0.24945263919983868
144,DID,1.0693699926133082
145,DIG,2.1427489069870993
146,DIH,0.9814731451323307
147,DL1,1.2212072580179896
148,DLD,-0.26460332081201665
149,DLG,1.2330082809853715
150,DLR,0.0
151,DNC,0.4366488486507309
152,DNL,-1.1855751834955106
153,DNM,0.2247878754965141
154,DNT,-0.05846310266663551
155,DPC,-0.2890280678933781
156,DPM,0.9044456957996801
157,DPP,-0.07453916675452066
158,DPR,0.7434980575935275
159,DQC,1.0032011054773105
160,DRC,0.9141102124373985
161,DRH,1.9602316648929288
162,DSN,0.16280787976297403
163,DST,1.2591552527149976
164,DTA,0.926769857086385
165,DTC,-0.18752579911015135
166,DTL,0.1709241715448257
167,DTT,-0.18445879115599054
168,DTV,-0.028747629908364773
169,DVP,0.1320299544983593
170,DXG,2.201729452937328
171,DXP,0.6373034078610111
172,DXV,0.53008329470274
173,DZM,0.0
174,EBS,0.015397389146256588
175,ECI,-0.01759359336759296
176,EFI,0.4425610267802003
177,EIB,1.2459378509255044
178,EID,-0.012409888512555128
179,ELC,1.2274069389502626
180,EVE,0.4420933292912547
181,FBA,0.0
182,FDC,0.18284292413013833
183,FLC,0.0
184,FMC,0.656677307953668
185,FPT,0.7588986955683741
186,GDT,0.4712810611420885
187,GDW,0.05034167422153805
188,GER,-0.37410091673033175
189,GGG,0.030439979372887324
190,GHC,0.16612333769443566
191,GIL,1.4529815740853314
192,GLT,0.267396905531517
193,GMC,0.5136719290410969
194,GMD,0.9252533551127271
195,GMX,0.1848563163328301
196,GSP,0.8575676555010079
197,GTA,0.5870739012089792
198,GTT,0.4323987081484808
199,H11,0.16713251616102678
200,HAD,0.16594456172566383
201,HAG,1.0510582787857083
202,HAI,0.0
203,HAP,0.8737902273305991
204,HAS,0.13351419815944063
205,HAT,0.15018860711564053
206,HAX,1.1261206876878516
207,HBC,1.5589281521962923
208,HBD,0.1716145462798082
209,HBS,1.555026653412291
210,HCC,0.32224355385753417
211,HCI,-0.20140241652834648
212,HCM,2.05803620023418
213,HCT,0.10800254582857993
214,HDA,0.6713856370016849
215,HDC,1.7947191970733132
216,HDG,1.3861453518744977
217,HDM,0.5082014990140501
218,HDO,0.2877872323460926
219,HEV,-0.029161809147800345
220,HFC,-0.03292123776444414
221,HFX,0.13153552490881223
222,HGM,0.028727675384305425
223,HHC,0.13360014988973914
224,HHG,1.4624655320195552
225,HHS,1.5510095615612292
226,HIG,-0.16134671493370825
227,HJS,0.11768357417067307
228,HLA,0.5734252047281715
229,HLC,0.6752828563494405
230,HLY,-0.07222460349153006
231,HMC,0.4061125925746576
232,HMH,0.5066296840135371
233,HNM,0.5575875855446875
234,HOM,0.9463780511380093
235,HOT,0.2137024232440712
236,HPB,0.09455991062152762
237,HPP,0.29130925038562766
238,HPT,0.4312799830137089
239,HQC,1.5360038119736699
240,HRC,-0.3241543775655285
241,HSG,2.0000959037428863
242,HSI,-0.07284416839609585
243,HT1,1.2300713726138515
244,HTC,0.015394891612107355
245,HTI,0.17681482002975976
246,HTL,-0.02924800746453475
247,HTP,0.17836141603895736
248,HTV,0.045527693502244344
249,HU1,0.14507934889259846
250,HU3,0.5525958042900948
251,HUT,2.121625226230099
252,HVG,0.10530771711751183
253,HVT,0.435667564497376
254,HVX,0.5868619540707398
255,ICF,1.604724948480805
256,ICG,0.4083694185425093
257,ICI,0.18088576465719178
258,IDI,1.5048859451901975
259,IDJ,2.2133286936619796
260,IDV,0.49228349739249294
261,IFS,0.16841820358491782
262,IHK,-0.008471823282708924
263,IJC,1.7201689531325963
264,ILC,0.059922286022123565
265,IME,0.0
266,IMP,0.2081080660927271
267,IN4,0.019212635165600192
268,INC,0.1817104890644592
269,INN,0.22428448895993605
270,ITA,1.3952579559700446
271,ITC,1.618131258575546
272,ITD,0.43289602694662516
273,IVS,1.943849208995909
274,JVC,0.9833522348661157
275,KAC,0.030872366272344576
276,KBC,1.5911016974647276
277,KCE,-0.1718851401051763
278,KDC,0.10120101134599854
279,KDH,1.364165242423648
280,KHL,0.25420591947341636
281,KHP,0.5547971290653709
282,KKC,0.3366110125230659
283,KMR,0.6779409753635133
284,KMT,-0.04531758003570318
285,KSB,1.7072567272012777
286,KSD,0.6395703244766575
287,KSH,0.5852329898251906
288,KST,-0.15141813833670933
289,KTS,-0.07204785587428136
290,KTT,0.3272702963753532
291,L10,-0.09396033423064745
292,L14,2.271626597322083
293,L18,1.582162744535159
294,L35,0.04938035424697885
295,L44,0.2126629886003723
296,L61,0.10205539624286922
297,L62,-0.019147588574847902
298,LAF,0.46335573655859313
299,LAS,1.2877136061699044
300,LCC,0.2797792713581177
301,LCD,0.0
302,LCG,1.6795472659481727
303,LCM,1.3675118543444045
304,LCS,-0.06079250130564559
305,LDP,0.8307918301706442
306,LGC,0.0977839485299936
307,LGL,1.4561850050536504
308,LHG,1.052179741952266
309,LIG,1.8110229950080254
310,LIX,0.1186961413600121
311,LM3,0.06563333910991066
312,LM7,0.11496690335587095
313,LM8,0.38713443212533943
314,LO5,0.14584319011683924
315,LSS,1.0652535518738286
316,LTC,-0.1878194017783728
317,LUT,-0.2669608032834418
318,MAC,0.13800080534670117
319,MAS,-0.047709593839951395
320,MBB,1.1130234642583947
321,MCC,-0.07240840775747832
322,MCF,0.4803842372162743
323,MCG,0.9685038775948793
324,MCO,0.6081204659808053
325,MCP,0.12072139718038301
326,MDC,0.4114778148586046
327,MDF,0.0642450765428423
328,MDG,-0.17233373302641633
329,MEC,-0.40503891485880716
330,MEF,-0.29329349718426984
331,MHC,1.3426515038664628
332,MHL,-0.15093766159679875
333,MIC,-0.45091061500964874
334,MIM,0.0
335,MKP,0.4417786594060423
336,MKV,0.03031577955395849
337,MPC,0.44918814278133734
338,MSN,1.1586291922250023
339,MTG,0.13991173535040893
340,MTH,0.09930832186180627
341,MTP,-0.06914567459246743
342,NAG,0.434985346531513
343,NAV,0.3000622975077319
344,NBB,1.054101547979043
345,NBC,1.1903996524772944
346,NBP,-0.07090565975592855
347,NBW,0.03694450351975084
348,ND2,0.05423645323425107
349,NDC,-0.35421212269106034
350,NDN,0.9894882106707032
351,NET,0.26283149773994563
352,NGC,-0.03005691398180443
353,NHA,2.1024298454548913
354,NHC,0.15618209764565816
355,NKG,1.9573944920493809
356,NNC,0.22910423516040557
357,NOS,0.43490598935993685
358,NSC,0.2053955718327042
359,NST,0.10083580874679687
360,NTB,0.41586424944390465
361,NTL,1.322912517586184
362,NTP,0.43962290684334904
363,NVB,1.2593258788662134
364,NVT,0.9127665323419603
365,OCH,0.6019591363849098
366,OGC,1.1692434598397952
367,ONE,0.013737848406214722
368,OPC,0.16085328382682917
369,PAN,1.2488586671772066
370,PCG,0.20063081784004957
371,PCT,0.2329139414853921
372,PDC,0.6419497442931762
373,PDN,0.19303781727063424
374,PDR,1.9430665452179472
375,PEC,0.04956076103492631
376,PET,1.7580406542787144
377,PFL,1.9892629678654716
378,PGC,0.22227336164508119
379,PGD,0.3340115604766788
380,PGS,-0.26330198363267987
381,PGT,0.5103749615056048
382,PHC,1.0112486834292576
383,PHH,-0.025270630964616403
384,PHR,1.2566381727216192
385,PHS,1.0403298307334226
386,PIT,0.4730219151253754
387,PIV,-0.19179039562475386
388,PJC,0.1558398505913413
389,PJS,-0.11119178671323977
390,PJT,0.1580062785401607
391,PLC,1.6187011451056557
392,PMC,0.13155311897700456
393,PMS,-0.048680411093691166
394,PMT,0.533802266216448
395,PNC,0.16439545019646726
396,PNJ,0.5383580844673935
397,POM,0.9278248123407073
398,POT,0.35057812518220705
399,POV,0.2898151284654785
400,PPC,0.5077591357447747
401,PPE,0.08950870418252391
402,PPI,0.28801191282343425
403,PPP,0.0857856482816154
404,PPS,0.39294020557402426
405,PRC,0.5677779895307197
406,PSB,0.3838815749603937
407,PSC,0.323177235821308
408,PSG,-0.08825595298308582
409,PSI,1.8127082602227762
410,PSL,0.07661129994814624
411,PSP,0.32004661585538857
412,PTB,0.4940103208238246
413,PTC,1.149340497228539
414,PTD,0.21813747669218927
415,PTG,-0.14194282275420106
416,PTH,-0.2540327993986223
417,PTI,0.14868454243828375
418,PTL,1.2114035395789557
419,PTP,0.021150822228039715
420,PTS,0.3290484095530875
421,PTT,-0.3736829861403262
422,PV2,1.2600849778125338
423,PVA,0.004772955443128916
424,PVC,1.5782298128867087
425,PVD,1.2650698364964181
426,PVE,0.20699408922135393
427,PVG,0.9503335093944287
428,PVI,0.274948657538421
429,PVL,0.7575352309071834
430,PVR,0.19672681735187086
431,PVS,1.2998202366693383
432,PVT,1.469650390626264
433,PVV,-0.22773517414677694
434,PVX,0.22080418674510413
435,PX1,0.0
436,PXA,-0.19151085480613936
437,PXI,1.7206764254240705
438,PXL,1.7462538057541341
439,PXM,0.2635672690093235
440,PXS,1.8075943961167635
441,PXT,1.1355673788581622
442,QCC,0.0031083531149890373
443,QCG,1.7882308617417797
444,QHD,-0.05699475808355273
445,QNC,0.7961328377241111
446,QST,0.06678290060279117
447,QTC,0.19417024812239136
448,RAL,0.5234976315526331
449,RDP,0.49136530502006187
450,REE,0.6994456007618184
451,RIC,1.2794034841212212
452,S12,0.2525210590801366
453,S27,0.14839889181934524
454,S55,0.41754689180077403
455,S74,0.14332179852797788
456,S96,0.2911032816778279
457,S99,1.6405938802828912
458,SAF,0.053429470902401646
459,SAM,0.8517692285952515
460,SAP,-0.2757264245699468
461,SAV,0.5743815374577932
462,SBA,0.06502541065828332
463,SBS,2.4581979569484607
464,SBT,0.9742015405287023
465,SC5,0.22588649166950417
466,SCC,0.6760019592929053
467,SCD,-0.021093589224157692
468,SCJ,0.967459831370906
469,SCL,0.5995224629961646
470,SCO,0.07216073688033668
471,SCR,1.7304692386102027
472,SD1,0.08677255499042327
473,SD2,0.5644112179759365
474,SD3,0.49709178595939635
475,SD4,-0.034826958266337256
476,SD5,0.540503740969253
477,SD6,0.852898781373265
478,SD7,-0.09594405805284184
479,SD8,0.055438367214106186
480,SD9,0.5740713221991546
481,SDA,1.6700985432657514
482,SDB,0.4426562888700239
483,SDC,0.1499700630272738
484,SDD,1.2695210195596784
485,SDG,0.1658234201024979
486,SDJ,-0.004224348628493661
487,SDK,0.5373762585631229
488,SDN,0.05829579823111785
489,SDP,0.11041316963913847
490,SDT,0.49926159773561096
491,SDU,0.11183852423386542
492,SDV,0.0429386962014978
493,SDY,-0.2610896738272391
494,SEB,-0.29878202800307274
495,SED,0.14908612150961686
496,SFC,-0.3883234055396939
497,SFI,0.22464183991905493
498,SFN,0.09861816253191552
499,SGC,0.32691429469390465
500,SGD,-0.019784803779872604
501,SGS,0.01585446622725217
502,SGT,0.9272969011521717
503,SHB,1.3167973641648258
504,SHC,0.3283832588713406
505,SHI,0.1265686427581403
506,SHN,0.23547195177978766
507,SHP,-0.014929394781331215
508,SHS,2.591434388134334
509,SJ1,0.30124307058760597
510,SJC,0.3671724182987641
511,SJD,0.2887740178006781
512,SJE,0.10870667035924936
513,SJM,0.3073708114422005
514,SJS,0.4948735423804063
515,SMA,0.2865521525033458
516,SMB,0.16949560420708615
517,SMC,1.3269248858596794
518,SMT,0.33202346918771375
519,SPC,0.22956457012400328
520,SPD,-0.04627816484077483
521,SPM,0.25468920997965694
522,SQC,0.20834214009918392
523,SRA,0.9314266220297246
524,SRB,1.0413198910089272
525,SRC,0.3307453715311722
526,SRF,-0.1196778644137449
527,SSC,0.4384557040575939
528,SSF,0.04154644747936008
529,SSG,-0.02304934285006071
530,SSI,1.957426783393709
531,SSM,0.021127600305955598
532,ST8,0.6418721131388818
533,STB,1.4410305327114477
534,STC,-0.079352231916392
535,STG,-0.14119451409790754
536,STL,-0.03227734664173381
537,STP,0.026804051577833353
538,STS,-0.10730192809951454
539,STT,-0.17638979796763166
540,SVC,0.4044240828254625
541,SVI,0.27204351674972044
542,SVN,0.3656788049866769
543,SVT,0.26597586299221393
544,SWC,0.2479825712003631
545,SZL,0.27723604651583256
546,TBC,0.050688930825328875
547,TBT,-0.317828818450613
548,TBX,0.0
549,TC6,1.1133203330251018
550,TCL,0.1908710709414014
551,TCM,0.6094588587778008
552,TCO,0.7567990932069623
553,TCR,0.40206758742494775
554,TCT,0.4483764430233583
555,TDC,1.7128531141287475
556,TDN,0.8507847822431446
557,TDS,-0.19648336518220935
558,TDW,-0.062429591846155416
559,TET,0.03677210923067279
560,TGP,0.22890413110682503
561,TH1,-0.2416132601880276
562,THB,0.09569539820729416
563,THG,0.48720798573864416
564,THT,0.5525462313168669
565,TIE,-0.11961370143093744
566,TIG,1.5840713932869137
567,TIS,0.9775969723120788
568,TIX,-0.15407178691338028
569,TJC,-0.1017461312869888
570,TKC,0.5971382100002238
571,TKU,0.30322077631294786
572,TLG,0.45838579965198867
573,TLH,1.5449722505235384
574,TLT,-0.07574040506921989
575,TMC,0.3521345934089646
576,TMP,0.2883449426376251
577,TMS,0.25427839531805047
578,TMT,0.5450635833506772
579,TMX,0.2969299131432807
580,TNA,0.4957510758860107
581,TNC,-0.05354118945471061
582,TNG,1.5312008552781107
583,TNM,-0.09701830977157616
584,TNT,1.2408096450866883
585,TPC,0.5451216340730146
586,TPH,0.0031664127971968463
587,TPP,-0.07933626914595261
588,TRA,0.21924203763325056
589,TRC,0.099172777158633
590,TS4,0.049247405344128664
591,TSB,0.8306280688685239
592,TSC,1.409204930627665
593,TST,0.31935267885822993
594,TTC,0.11694455340211438
595,TTF,1.1736657344192523
596,TTG,0.3880370118204129
597,TTP,0.4327070415024716
598,TV1,-0.029243195753621103
599,TV2,1.1245802209463036
600,TV3,0.17324126770697063
601,TV4,0.25855603283346623
602,TVD,1.1795214591784042
603,TVG,0.11570213535574064
604,TXM,0.1260068178399559
605,TYA,0.15840104833149718
606,UDC,0.6602594694942965
607,UDJ,0.4079306667827237
608,UIC,0.037134416432269036
609,UNI,-0.020172432168142743
610,V11,0.45942463814269474
611,V12,0.45670162502763
612,V15,0.7064528855822833
613,V21,0.504435461012097
614,VBC,0.3059423497719804
615,VBH,0.5256476217102931
616,VC1,0.2613852942968532
617,VC2,1.853971298886161
618,VC3,0.5972364744846251
619,VC5,0.037394225105729546
620,VC6,0.2797476825782782
621,VC7,1.6567422581110804
622,VC9,0.7313152836715177
623,VCA,0.12488171503056801
624,VCB,0.6229587211198063
625,VCC,0.11014865995618674
626,VCF,0.042554697926138425
627,VCG,1.8706178102234101
628,VCM,0.14658557512496
629,VCR,0.3227675354994592
630,VCS,0.8997598199299787
631,VCT,0.01472035321425433
632,VDL,-0.19177132688640214
633,VDN,0.42606185417366466
634,VDS,1.6651477351759039
635,VDT,0.06400655980661778
636,VE1,-0.10372438152774631
637,VE2,0.16745061131006783
638,VE3,0.15098591168400036
639,VE9,0.4862783792157387
640,VES,-0.05575846164790974
641,VFC,-0.32521927663635714
642,VFG,0.14584451318472774
643,VFR,0.7364493566934576
644,VGP,0.038241885816918106
645,VGS,2.1818420921359523
646,VHC,0.8589350285552763
647,VHF,0.00888023103049519
648,VHG,2.3116189386455157
649,VHH,-0.07477089973840792
650,VHL,-0.00889447957024145
651,VIC,1.0754239476621945
652,VIE,-0.11990344125136708
653,VIG,2.0296988569360557
654,VIP,1.105182996000989
655,VIR,0.021120645867052153
656,VIT,-0.23417823815558128
657,VIX,2.2604082759174946
658,VKP,0.0
659,VLA,0.06215800361572717
660,VLF,0.36636998189345776
661,VMC,0.20011055018957902
662,VMD,0.15421380777796032
663,VMG,0.10071104923434479
664,VNA,0.7831809734386158
665,VNC,0.5151735807598682
666,VND,2.155247750787648
667,VNE,0.5602433920473097
668,VNF,0.34586133944431036
669,VNG,0.22267063862716754
670,VNH,0.3992001283451336
671,VNI,0.022307482342424263
672,VNM,0.5338628668552321
673,VNR,0.3805544494229632
674,VNS,0.4890490516164555
675,VNT,0.18225543303275238
676,VNX,-0.006877343972703424
677,VOS,1.5369058658556047
678,VPC,0.06411651635126768
679,VPH,1.5392910636148862
680,VQC,-0.20750729128839177
681,VRC,1.1641529391151337
682,VSC,0.7431445300043478
683,VSG,0.3114714936015092
684,VSH,0.19564546852202952
685,VSI,-0.05791485904209943
686,VST,0.008149523850692201
687,VTA,0.5795845429102567
688,VTB,0.1822182921464919
689,VTC,0.12825761031486832
690,VTI,0.20460712098519201
691,VTL,0.018712069666601334
692,VTO,0.8679596704448638
693,VTS,0.13497383342371305
694,VTV,0.6363377380360455
695,VXB,0.22086789197212042
696,WCS,-0.015144279040506565
697,WSB,0.10600403343428935
698,WSS,1.5258142443276244
699,WTC,0.13838023796241322
700,XMC,0.4929894977563596
701,YBC,0.5413133658523557
702,PAC,0.17756707703949942
703,ADP,0.5182670727215526
704,HPG,1.4869115683406142
705,LBM,0.1080171921119566
706,LHC,0.06389603199226222
707,PGI,-0.14884580993788474
708,VNL,0.3601766254879692
709,NTW,0.4949643961190538
710,DRL,-0.034104270096463475
711,GAS,0.6383944361092582
712,CTX,0.0
713,NNT,0.16671056063141262
714,LKW,-0.10101591101965698
715,DHM,0.39612249613020595
716,FCN,1.8332791219263964
717,MTC,0.12328369174916133
718,VE8,-0.1495420554924309
719,SII,-0.06163964907994981
720,SPI,0.9114032541802672
721,ITQ,1.2821499903633162
722,SLS,0.3454685983184863
723,VE4,-0.1369812801572588
724,PID,0.3770579654249765
725,AGM,0.4891780748288065
726,HAR,1.4083677574941957
727,SHA,0.3366791670960926
728,TTZ,0.0
729,BHP,0.868558002085646
730,DHP,0.1527560790881166
731,HLD,0.9168626883484933
732,NLG,1.5349021488975314
733,FCM,1.0043764034941027
734,PSD,0.40363691176327515
735,NDX,0.2844904677859167
736,FIT,1.5064620801627318
737,KSQ,1.2858460452767346
738,KLF,-0.10249841131190326
739,SSN,0.5491807227836883
740,THS,-0.1966319078256938
741,DVC,-0.04315906435041351
742,PVB,1.320576444441023
743,BID,1.034036577030438
744,NFC,-0.20186796537675503
745,VCX,0.33790281354604235
746,VTX,-0.04513587879650297
747,SPH,-0.0012745237839915252
748,CNC,0.17807144406241482
749,SCI,1.6044507199826903
750,CLL,0.2582382270493776
751,SKG,1.2693868023447552
752,QPH,-0.14077988083738346
753,MWG,1.2443077680392534
754,DGC,1.1903335264441983
755,VIN,-0.0917445999185572
756,NDF,0.07255928796231947
757,BII,0.9086373836093076
758,TVC,0.6531493168691356
759,DAS,0.12437165442656044
760,PEN,-0.334779625383164
761,CEO,2.5831605775689157
762,PRO,0.12015161582359934
763,TBD,0.03023099089654223
764,VTH,0.13554657087101343
765,VRG,0.22383868436134594
766,AMD,0.2198330787267172
767,SNC,0.32497815613068076
768,QBS,1.2990381576201182
769,XPH,0.0093253273824537
770,SFG,0.29033005136855233
771,CAV,0.02997451406022801
772,VTJ,-0.3435086025889651
773,NCT,0.11286287162051768
774,KTL,-0.1887514951791261
775,TVS,1.007755520625552
776,TTB,0.6835960347304154
777,PBP,0.7021760784166524
778,TL4,0.3666334972341791
779,RCD,0.39606277943515467
780,CDO,0.29058831844824135
781,G20,0.16995430652633875
782,HAH,1.4032243134005244
783,NHP,0.3124449071581786
784,CSV,1.0986827945705555
785,PSE,0.6527899784047163
786,DCM,1.1404279026120796
787,GSM,-0.05219110845416057
788,HKB,0.2850692608303082
789,SHG,0.34151196861732197
790,KVC,1.4941685989874995
791,SAS,0.3377399336892473
792,DPS,0.1987381702326983
793,SGR,1.137856753346722
794,FID,1.1842250649719022
795,CKD,-0.11495226399583017
796,DDV,1.2727138773291304
797,HPD,-0.18286010017646498
798,ICN,0.28319450157492765
799,TVB,1.3695773812136751
800,VAF,0.4424569270928924
801,ISH,0.01871019567311554
802,SMN,-0.051562033960214776
803,BCG,1.795102783705347
804,NQB,0.16801952673223167
805,CTT,-0.1402130786779824
806,DP3,0.2112896264213527
807,HNG,0.89253034768607
808,PSW,0.6123644442520856
809,ACM,-0.015282623342405042
810,PCE,0.1846482657678276
811,TOP,0.2063344503999754
812,HVA,0.6343288206962032
813,TA9,0.2898520585081355
814,DGW,1.7516807724509105
815,PDB,0.22022501995049307
816,PIC,-0.2557434389802901
817,LAI,0.5477557694292553
818,LDG,1.584988620386526
819,PHP,0.34955328945202946
820,PTE,-0.23569358296618
821,VNP,0.22392673972070212
822,VPS,0.32368154154046014
823,VMA,0.0
824,BCP,-0.12627966815225217
825,AGX,0.10309139826903119
826,MSR,1.0769603487996526
827,TRS,0.07890461391458747
828,VLG,0.4984061780074838
829,ISG,0.03177178167581043
830,PMP,0.19622978541224617
831,CCR,0.09915812399481845
832,SDX,0.26076856967985346
833,UEM,0.0603890042379305
834,STK,0.6292926364286133
835,AGP,0.0612108869550286
836,BFC,0.7735354985021861
837,NAF,0.6165681277248711
838,PMB,0.2689135826636496
839,HJC,0.4581174035372702
840,BDW,-0.09437290804238564
841,VGC,1.6985867571810214
842,VMS,0.29185710573825996
843,CMK,0.0539693687479489
844,MTA,0.41300121400216944
845,HNB,0.3103660957053704
846,GEX,2.0265101211626817
847,VLC,0.705076565103016
848,DOP,-0.019149341434913855
849,HNF,0.5346756939654677
850,DAT,0.36293275156578075
851,DLT,-0.05697414504912602
852,HU6,0.3083050281436293
853,NDP,-0.12457716432774153
854,MBG,1.6439854571660932
855,KCB,0.3259400849542276
856,TPS,0.05050039694622618
857,NCS,0.8152402771567867
858,TFC,0.4213560236741667
859,SGN,0.23652070611745754
860,BLI,0.03780117380783776
861,TVM,-0.0398755698563155
862,HHV,1.6911370703665978
863,ITS,0.5631139602061441
864,PCN,0.06226317125700312
865,LAW,-0.30108291212339866
866,TEG,0.8028427726162711
867,VEF,0.4510234711144872
868,VSA,0.08267235496359354
869,VTG,-0.09452261488740998
870,XMD,1.0765850454016832
871,VTM,0.0
872,PIS,-0.22694701690002586
873,PVO,0.6259532297414754
874,MPT,0.4561914299180443
875,HPM,-0.13444149515673465
876,PEQ,0.05531372844107506
877,TVN,1.4877789612197247
878,VPA,0.36468817473530124
879,HU4,1.3725368131943592
880,CMP,0.0
881,RBC,-0.27124962249730966
882,THW,0.19251057302329963
883,KPF,0.23204727961984448
884,PPY,0.2400235745298737
885,VGG,0.4828423106794304
886,BTU,0.11082911617023465
887,DNW,0.03698739358099039
888,MBS,2.472261477367608
889,ATS,0.08469961788032923
890,KDM,-0.13366424852501738
891,CDN,-0.14077937760688156
892,NWT,-0.1602735416466534
893,TDM,0.12954753878133834
894,PNG,0.07610122692118124
895,BDG,0.45013366315926806
896,BMN,0.0703266195905919
897,SVG,0.04541641046908222
898,KIP,0.2809336648570307
899,VPD,0.19007289922425635
900,CLM,0.3410868917869721
901,SGP,0.9396661224857683
902,FCC,-0.06421886172269378
903,MST,1.6822056324393753
904,MTL,0.1382518151664683
905,HD2,0.8932315617940727
906,NSG,-0.020705033756847003
907,S4A,-0.07319730308439899
908,CNN,0.22736249743851197
909,ICC,-0.030011428325882286
910,NBT,0.09165509190268752
911,TIP,1.0658482902593216
912,CLH,0.3258638168334168
913,MGC,0.640017402131365
914,IPA,2.211785305962671
915,CDH,0.0
916,ADS,1.1083435845629082
917,PMJ,0.1607375348538099
918,DDH,-0.2748691710005357
919,HCD,1.0819244927529936
920,HID,0.8935894223588937
921,BEL,-0.021383288201023986
922,VNB,0.8816554922293555
923,DC1,0.31060840873992385
924,NAP,0.018001964652232385
925,CTP,0.91469370765382
926,KSV,-0.18571913808619236
927,NLS,-0.1610030575885943
928,TAW,-0.026341315534849186
929,BSP,0.3063577039556354
930,RAT,-0.012316111581835355
931,VGL,0.4927408223240582
932,ABC,-0.08796334735624048
933,ATG,0.12276330497257747
934,BLN,-0.019665648165660406
935,HMG,0.05392590270102895
936,HRT,0.48922483666697464
937,VOC,0.4631818662077607
938,VLB,0.9385144201570697
939,QSP,0.03555612548645392
940,CTW,0.01845232810981711
941,SP2,0.04629775300692833
942,HND,0.22338894427877717
943,TCH,1.6385310798623187
944,L63,-0.4968634412333666
945,DAH,1.1721513145227567
946,APL,-0.33273584415002455
947,MVB,-0.031122281808992847
948,HAC,0.43966964065139913
949,SPB,0.19385028075006638
950,TW3,-0.03547182916879703
951,HAN,1.0284408440402373
952,L45,0.7944680685353184
953,GTS,-0.0961010476163959
954,VSN,0.09203463562869814
955,TTH,1.1642950256587916
956,BHN,0.2555003665776753
957,CQT,0.25027389938894445
958,LQN,-0.1510377967827073
959,XHC,0.06210652820538135
960,RTB,-0.06000179666780137
961,SAC,0.3379183099221208
962,BT1,-0.3324843357464782
963,DND,0.2789498094204757
964,UCT,0.020082926791185843
965,PC1,1.5820109541664138
966,ACV,0.1269250097304296
967,BSG,0.23521493374557703
968,HPW,-0.19137789666719462
969,VCW,0.09762176682186705
970,POS,0.4329322641513048
971,SRT,0.6576435732998793
972,HLR,0.25676873331216243
973,CMF,-0.0013537429395546847
974,NS2,0.21386057683860188
975,AFX,0.5680815860057095
976,DSV,0.31593219104573306
977,RCC,-0.02090636657610803
978,SAB,0.6059253014852412
979,HES,0.2598205790813385
980,NQT,-0.06740919726525534
981,SZE,0.23696822402773626
982,MES,0.0
983,DTK,0.07071412434010783
984,NVP,0.0
985,GTD,-0.3660364612031062
986,HHN,0.37896803701032183
987,VCP,0.30308183261018706
988,DOC,-0.12213683154523482
989,NTC,0.3445520078245393
990,HNP,-0.051283193703801536
991,PVM,0.5588259968519849
992,PVP,1.003745286554374
993,QNS,0.5387907408026299
994,VPR,0.10161423953513099
995,HEC,0.08714217020128959
996,ANT,0.7378845590827855
997,KHD,-0.46654813131312173
998,QHW,0.17022282910313452
999,SEA,0.45623193830297937
1000,TNP,0.5576665656670995
1001,C12,-0.008210128213727125
1002,G36,1.7737314656860892
1003,QNW,0.10489440029624965
1004,SB1,0.22250595650058588
1005,GCB,0.05584714943679318
1006,MLS,0.6281619793816405
1007,NVL,1.7054648985342569
1008,UPH,-0.002773312007192547
1009,VCE,0.0
1010,TB8,-0.009924563169254238
1011,HEM,0.3786561584844318
1012,HVN,0.9288986809535877
1013,L12,0.9066265238683322
1014,VGT,1.3191450437817158
1015,IST,0.47660023097035925
1016,MCH,0.31074776484283395
1017,TNS,0.9384672156611151
1018,VWS,0.018294925872323398
1019,CCV,-0.05901575251481334
1020,SID,0.3892644578474875
1021,VIB,1.187501137247064
1022,HGW,0.062034569050714417
1023,AMP,0.23244640706559128
1024,BTB,-0.10375904105515152
1025,CHS,0.047840814393145914
1026,DCF,0.10182316954529365
1027,DFC,0.3092122476911571
1028,DPG,1.7935570990694611
1029,GVT,0.21086021407747038
1030,HKT,-0.14882086382792287
1031,PNT,-0.07152924302094388
1032,VIF,-0.23068458352210963
1033,FOX,0.4483985456825252
1034,FTS,2.173237052499566
1035,DBD,0.0504724854060685
1036,TMB,0.24297885680902218
1037,DPH,0.14591929616699073
1038,HSA,-0.16867856775332915
1039,PAI,-0.14034181506024657
1040,SBL,-0.013085476263669425
1041,BRS,-0.30584637102387896
1042,VIM,-0.22684530609864484
1043,NAS,0.27154866953752027
1044,AMS,0.9259358939764383
1045,FSO,-0.003495121970032915
1046,FTM,0.8416523472654008
1047,SEP,-0.19257187942865694
1048,TTD,0.5525583539286059
1049,USC,0.15567147096965223
1050,TMG,0.4503858342399672
1051,CPH,0.0
1052,HLB,-0.19181075784007484
1053,TQN,0.0
1054,PXC,0.0
1055,SPV,-0.06673705962909984
1056,CHC,-0.037237996685930384
1057,EMG,-0.13090217480459626
1058,SBD,0.6754409070857742
1059,HHR,-0.05861711018937715
1060,ONW,-0.015979710319637713
1061,KHW,-0.12818607098082663
1062,NUE,0.060157115895417244
1063,PND,-0.2681686848921677
1064,X77,0.0
1065,GND,0.10522071166327944
1066,TUG,0.28433609558933526
1067,PIA,0.15863473783018145
1068,CDG,0.0
1069,BSQ,0.1998306502445669
1070,DTG,0.2587746314285599
1071,EIC,0.1462427949891689
1072,QNU,-0.05527389967376286
1073,VJC,0.6029627055889394
1074,CLX,0.7017354460674838
1075,BTD,0.2859232188369475
1076,BTV,0.6241596509670901
1077,FCS,0.1981474088435318
1078,MH3,0.6106494639703416
1079,CCP,0.3948673462053788
1080,EIN,1.0518282274032498
1081,HDP,0.3580774959693127
1082,QTP,0.5021400671103236
1083,TRT,0.18718712319253478
1084,GEG,0.9209233720512349
1085,NAC,-0.05162043466308236
1086,MVC,0.7863023392470523
1087,BAX,0.06967034815704659
1088,VBG,0.027020612601111257
1089,PCF,-0.08978913785158316
1090,HFB,0.2108799173861161
1091,DNE,-0.06529751633125049
1092,CE1,0.105537047447928
1093,CMW,-0.1922122534414593
1094,TVA,-0.31117215588876945
1095,TSG,-0.2463869464764103
1096,TTN,0.6310004167845861
1097,PDV,0.8371061897593572
1098,C69,1.3932849794137516
1099,PLX,0.9910748256699665
1100,UPC,0.045122073837554726
1101,VIH,-0.03269237040128592
1102,BSD,-0.12379731913481981
1103,MTS,0.5210998910302842
1104,DHD,-0.06094134239331639
1105,MIG,0.9114553876945166
1106,MPY,0.050694643159308085
1107,SBV,0.06086525094438131
1108,CEG,0.2322543321880835
1109,TTS,0.025991260457234915
1110,DP2,-0.021066150805839592
1111,DVN,0.2822100924041125
1112,PVH,0.2421444060560657
1113,DRI,1.332513953246395
1114,MLC,0.06382465342717401
1115,SIV,0.21597379832894684
1116,TCD,1.5568992382422164
1117,TNW,0.18070067886709876
1118,TNI,0.9926296425760459
1119,CTF,-0.04716450643759582
1120,TTT,0.3970255306054209
1121,HMS,0.8912867484535583
1122,LIC,1.4617564125081557
1123,BMV,-0.21330611868290714
1124,THU,-0.033799972081754115
1125,APF,0.21320017505992156
1126,EVG,1.7072692419900073
1127,BMD,0.022636533829932498
1128,CH5,0.02551179280715321
1129,HTG,0.5423289200161351
1130,LEC,0.3306557474731403
1131,NHV,0.03998980502629563
1132,TDG,0.6587832567134753
1133,BRR,0.40223508642930944
1134,BSL,0.13222651372430308
1135,DNH,0.11732668142868775
1136,RGC,0.23973471005895278
1137,CBS,0.3706354159385329
1138,PTO,0.015621136907722112
1139,CGV,0.20094804258993682
1140,HII,0.7169598107957091
1141,VHD,1.5500442878988412
1142,CDR,-0.09730136427173572
1143,TCW,0.2449186492021658
1144,KLB,0.9064874802477503
1145,PSN,-0.13706399361119903
1146,CCT,-0.12789187435951416
1147,PWS,-0.2146213885655876
1148,HTT,0.1914526887991671
1149,SJF,1.1671342098290478
1150,VCI,2.1851314371233763
1151,BLT,0.5702931303142524
1152,CMN,0.26962875993574664
1153,HC3,0.13890844282463588
1154,SCS,0.265964411760884
1155,ACS,-0.5769983246549907
1156,HEJ,0.4212702169470874
1157,VEC,0.16406735677800102
1158,DNN,
1159,EME,0.49407812446636945
1160,GKM,-0.030094159742248813
1161,TOT,-0.019944894165169987
1162,TVT,0.08952240698170223
1163,VGV,0.43996040125543107
1164,VLW,-0.11853134378906385
1165,VSM,-0.06822745087502394
1166,VLP,0.0
1167,TDB,-0.06816400698208659
1168,BWE,0.10647176425166628
1169,CC1,0.6306999680727599
1170,LMI,0.21971344962686856
1171,HAF,-0.08197810638731287
1172,HTE,0.2978685691646892
1173,LTG,1.007026074929754
1174,DHB,-0.09963760988703287
1175,VAV,-0.02455361446743671
1176,CC4,-0.14244495309314892
1177,CET,0.8602927395279123
1178,CPI,-0.05001029088881417
1179,JOS,-0.2172067270834529
1180,NSH,1.6173620206870003
1181,TSJ,-0.06835499825326014
1182,ART,0.0
1183,BHA,0.08026239152542426
1184,YTC,-0.4074590314053494
1185,NAW,0.029156676245402517
1186,HBH,0.018848417446997813
1187,PCM,-0.034036222018977075
1188,DSG,0.09516067855320004
1189,MND,0.00015291213577146246
1190,VDP,-0.21657665304254353
1191,LBC,0.10528934975332606
1192,LLM,0.13511393801830485
1193,MTV,0.04822595928006976
1194,VPB,1.2274686743098715
1195,NED,1.0471091832756219
1196,DS3,0.13055506064447786
1197,HAM,-0.08519477947505147
1198,NBE,0.21001823394275557
1199,PLP,0.8653957771464275
1200,PPH,0.609798416899109
1201,ATB,0.3441699693836063
1202,UMC,0.08645215191697328
1203,BDT,1.1556976408067694
1204,NHH,1.0491095378601305
1205,KGM,0.8385927612327714
1206,LMC,-0.32396593925475187
1207,SBM,-0.05659541565029012
1208,TEL,-0.28893237835972324
1209,CIP,0.9974688918000988
1210,FT1,-0.31054663804593324
1211,MEL,-0.11965169716395753
1212,CBI,0.6162946414574317
1213,POB,-0.0030771913460826868
1214,HNA,0.3877210048423242
1215,HPI,0.1494903153594528
1216,LPB,1.1271458184503493
1217,THN,0.0
1218,HLS,0.18761244278172706
1219,VVN,-0.01970145798216145
1220,DNA,0.022662198940193792
1221,FBC,0.0
1222,SAL,0.23732158161217423
1223,SCY,-0.271116076354452
1224,SKH,0.04547119980852563
1225,FTI,0.0
1226,TCK,0.0
1227,BGW,0.028938743176303024
1228,CTR,1.0482167299297651
1229,HDW,0.014192352790444547
1230,SKV,0.42644401261744636
1231,HRB,0.24179410621729777
1232,MGG,1.0685382536926424
1233,VRE,1.1915431237935157
1234,MQB,0.0
1235,VPW,0.06347444844585028
1236,PCC,0.2617281111555811
1237,DTD,2.0783784963667467
1238,PLA,0.04927659732880254
1239,SNZ,0.7242490598763622
1240,FRM,-0.4070122016088304
1241,IDC,1.5451525636593033
1242,TCJ,-0.0022592921753280797
1243,BWS,0.25429003273658884
1244,ILA,0.9157972966206526
1245,TA6,-0.019335608090074348
1246,VPI,0.30318181002897043
1247,CIA,0.1713175481396696
1248,HAV,-0.406857485246915
1249,NHT,0.08233325065166112
1250,CAG,0.6161447987754756
1251,TLD,1.047656272599893
1252,KOS,0.08253083531521718
1253,TLP,0.3521612588286616
1254,HNI,0.4098114070479647
1255,MRF,-0.015169179071485352
1256,VET,-0.16022210414087892
1257,HEP,-0.37674075291160175
1258,MIE,-0.20996907695405143
1259,HUG,0.04071431599072049
1260,LG9,-0.5743758757179437
1261,EPH,-0.22214468600718704
1262,KHS,0.004145646004915208
1263,NTT,-0.5921586526726034
1264,BAB,0.31144045664480263
1265,HPH,0.017137624718760864
1266,SVH,0.0
1267,FHN,0.0077963932091455156
1268,PVY,0.17086335027592411
1269,AST,0.1940452341941295
1270,BBM,0.26187637615651405
1271,BTN,0.7944496567190612
1272,DSC,1.29918625783027
1273,DTI,0.34313335217233576
1274,EMS,-0.943133319452139
1275,HDB,0.812898270634225
1276,TA3,-0.23897475718696873
1277,VIW,0.13927247217776398
1278,AVC,-0.21983105829464042
1279,GLW,-0.09103522584126186
1280,BQB,0.015291219826697622
1281,AG1,0.37424115701244237
1282,M10,0.10065139292002723
1283,MDA,0.0
1284,TSD,-0.34542126882269686
1285,BAL,0.16406515033383895
1286,TTL,0.23647176360045166
1287,VPG,1.732367191362595
1288,TS3,0.8975521940205484
1289,IRC,0.0
1290,PMG,0.2198131750106727
1291,X20,0.1636518450224617
1292,SJG,0.2930468648257927
1293,BCM,0.6672853230773554
1294,BSR,1.3620331111491597
1295,POW,1.105457846366421
1296,OIL,1.0827925672584346
1297,LDW,0.0
1298,ILS,-0.3625208618725961
1299,GVR,1.8839530956729245
1300,PGV,0.5859958326583693
1301,CAT,-0.03343755447983313
1302,BHK,-0.2505851553591279
1303,NRC,1.7168016959398595
1304,VGR,0.5734237771007328
1305,BMF,0.7227281859570573
1306,DHN,0.24775548890819787
1307,HSM,0.3120724287864544
1308,TPB,1.1000952106319972
1309,DCH,-0.49334729410428246
1310,VSF,0.5237445599719138
1311,MNB,0.14990731246951813
1312,FRT,0.9445778568829535
1313,HTM,-0.10094786797119894
1314,PRT,0.38060138015577966
1315,HSL,0.2568618769301386
1316,VHM,1.3226473681783213
1317,S72,-0.14750818288404968
1318,XLV,0.12963857125613265
1319,C22,0.08787378679715031
1320,TGG,0.7960899770670661
1321,TCB,1.2795710233505506
1322,DVW,0.09560110606236669
1323,VTE,0.35657801793981797
1324,SBH,0.25927163080653154
1325,HNR,0.0
1326,ABR,-0.2649417176430686
1327,BBT,0.2703357475379834
1328,DP1,0.62246965242701
1329,CEN,2.121636429966535
1330,NQN,0.11884381375198425
1331,KTC,-0.018675256340139234
1332,MQN,0.8021668171765115
1333,AAV,1.848055942005991
1334,YEG,0.6875396301594942
1335,NAU,0.31507646198994516
1336,VEA,0.3581431354136069
1337,BSH,-0.29311892864686706
1338,STW,0.6454374445119684
1339,X26,0.15048018017935072
1340,CDP,0.20761778455527838
1341,TDT,0.2775271553933746
1342,HPX,0.8776937599725976
1343,FRC,0.3193658881779859
1344,HWS,0.046766769108924085
1345,PTX,-0.027532658553911463
1346,EVS,1.5173656228252563
1347,FIC,0.5053666109533517
1348,VNY,0.8784803155306623
1349,EVF,0.8194614391963355
1350,BMS,2.1918852552592614
1351,HHP,0.6676177113439614
1352,BSA,0.019494278467451415
1353,CRC,0.5749057413789374
1354,YBM,0.48151442497583663
1355,BIO,0.2900064799836813
1356,CRE,1.3692322572430473
1357,TCI,1.939541843797267
1358,NDT,0.7375941977214889
1359,FGL,0.0
1360,VGI,1.2348646074289913
1361,EPC,-0.4412132915003998
1362,MBN,0.0
1363,DCR,0.046769255391026304
1364,MVN,0.3426980601748858
1365,SKN,0.43630762551677554
1366,VSE,0.6046006449484645
1367,LMH,1.2803890163591367
1368,DM7,-0.23376050111041363
1369,CKA,0.1250493051278573
1370,DSP,-0.6142747387563798
1371,FIR,0.7274294244022084
1372,BLW,0.08457264545275672
1373,XDH,-0.033779368608311065
1374,A32,0.017936594391384793
1375,BCB,-0.01925092676299602
1376,BHG,0.0
1377,NSS,0.0
1378,FHS,-0.008668868353131623
1379,PEG,0.5348704025413746
1380,HTN,1.8533400402986095
1381,TDP,0.27777750444028404
1382,VDB,0.0
1383,VTP,1.1088718000112048
1384,MSH,0.8681066019493598
1385,HVH,0.4701734797947499
1386,C4G,1.78127535533104
1387,FOC,0.17837861530066645
1388,TTE,0.09361802632382332
1389,TID,0.5686423110281295
1390,DCG,0.05123135343634231
1391,DDG,0.9112231131291045
1392,VTK,0.5326024736509896
1393,BMG,0.1567971937059485
1394,BNW,0.15026776394601973
1395,GLC,0.0
1396,VHE,1.0472162730213048
1397,SZC,1.7413176761719698
1398,TVH,0.09362732658629631
1399,PBT,0.10362955614118058
1400,DWS,-0.09753252279353378
1401,SHE,0.25525184761474917
1402,TLI,0.3019428268546752
1403,TOW,-0.24593102431159777
1404,USD,0.229003834341458
1405,BOT,1.3357718887265686
1406,TAR,1.4201843125573599
1407,HUB,0.39770507171787345
1408,PHN,-0.12227384562533261
1409,CSI,2.098895223985325
1410,HD8,0.49320114520677427
1411,MFS,0.04324286134016842
1412,ILB,0.23936807432267926
1413,PNP,0.3790078310247843
1414,IBD,-0.03348945271473803
1415,TN1,0.18420960354974977
1416,CFV,1.1212703194895197
1417,SIP,0.8740744515180827
1418,APT,0.06879152313771784
1419,TAN,0.03991170901672523
1420,NDW,-0.40545648205183255
1421,PWA,0.8183233543798201
1422,TQW,0.0
1423,NTH,-0.14159641613953322
1424,LNC,0.00319078715712696
1425,NTF,-0.032183319192079896
1426,PGN,0.32840837119879646
1427,CMD,-0.11857018465955761
1428,GAB,0.0
1429,PMW,0.24126269533025757
1430,DTB,0.6160877287553758
1431,NSL,-0.3078658529599301
1432,VBB,0.9083268894486588
1433,VXP,0.0
1434,CAB,0.737184314767532
1435,VTR,0.3283409669533747
1436,PQN,0.0
1437,SIG,-0.27402428328918016
1438,E29,0.7356705951823795
1439,PTV,0.8098529955229783
1440,VTD,1.0456259566532564
1441,THP,0.28797440997122253
1442,PBC,0.7279734816795504
1443,MML,0.5122041000050986
1444,DRG,0.002906686685256099
1445,HCB,0.1520901398075619
1446,LGM,-0.10427853998005777
1447,SZB,0.3979453842966205
1448,ADG,0.27613318534409836
1449,CCA,-0.11340021849688955
1450,HLT,0.04183884143822499
1451,CPA,0.026660035938561137
1452,KLM,-0.04057947191491328
1453,E12,0.6249026018610582
1454,HC1,0.12430019722001148
1455,DUS,0.028648013744553346
1456,AGG,0.5203120592653986
1457,QNT,-0.014462888123774994
1458,UDL,-0.04012426844220155
1459,ICT,0.23431017829110143
1460,BCF,-0.0037146631073789117
1461,STH,0.31536213045338807
1462,ABS,1.2563953486532298
1463,MED,-0.011989791624469892
1464,CKG,0.8805535246398705
1465,HSP,-0.10436792217485337
1466,PLO,-0.049563325237541304
1467,VW3,-0.014163962506271475
1468,TDF,-0.12904056132730246
1469,BBH,-0.24096331834294674
1470,VXT,0.09108732622809818
1471,TKA,0.010704964981274778
1472,DTP,-0.021393323734229135
1473,THD,0.48279161768518913
1474,PSH,1.1078951547225935
1475,MA1,0.17086741824557108
1476,VFS,0.8704301042487718
1477,BVB,0.7626224392075691
1478,DKC,0.0
1479,AAS,1.951354986079578
1480,APH,1.0645675181422318
1481,CQN,0.21364355676155916
1482,TR1,0.26460430751360126
1483,TTA,0.7176617383848244
1484,PAS,1.5530492439377517
1485,ASG,0.16741552352139638
1486,NAB,0.8732724583769949
1487,BNA,1.0940817675237142
1488,HGT,0.5108583913912403
1489,SGB,0.6998733320108247
1490,SBR,-0.29698015713335785
1491,GIC,0.2608277073943161
1492,HD6,1.2809230916920817
1493,GMA,0.0
1494,MTB,0.08165638216541489
1495,MCM,0.2652649885326762
1496,MSB,1.155986560567138
1497,NJC,0.5355337203090333
1498,PGB,0.880618364034644
1499,PRE,0.14160894750808836
1500,ABB,0.9490607826179235
1501,BKG,0.9326393737769556
1502,DTE,-0.24540229640815606
1503,TNH,0.5989380445166127
1504,IDP,-0.10673850466290688
1505,PLE,0.09480235179537716
1506,AIC,-0.1148263400070158
1507,DVG,1.3810993294788294
1508,CFM,-0.21316956204690596
1509,L40,-0.21896318781462845
1510,OCB,0.9271684362322978
1511,SVD,0.7584779894025655
1512,BCV,0.0
1513,AAT,1.0597078436977578
1514,SSB,0.33833946946224674
1515,LPT,0.06669320467683862
1516,TKG,0.39974052906405155
1517,SCG,0.13517355825976446
1518,CST,0.6178156763912999
1519,HSV,0.4340775160275162
1520,VTQ,-0.11530088500156382
1521,TV6,-0.23555514129004987
1522,BVL,0.7001055923236127
1523,DFF,-0.08725978337206308
1524,DXS,1.5717410781432055
1525,PAP,0.6642202486868606
1526,KHG,1.7195422986214561
1527,VAB,0.6772698769231068
1528,ACG,0.33571316066830265
1529,SSH,0.24918764236192106
1530,TBH,0.1649645739469033
1531,XMP,0.29814307723132843
1532,TOS,0.053029872281008965
1533,SGI,0.5215112594063525
1534,BCA,0.49126147754591803
1535,KSF,0.21474466588364396
1536,VTZ,0.4270576338450367
1537,BAF,0.697391937820219
1538,DMN,0.5905942510416927
1539,NXT,0.20233012997741553
1540,DWC,-0.4278347191975975
1541,SZG,0.27228430538754195
1542,TIN,0.3627470372470865
1543,DAN,-0.2346316989452492
1544,BIG,0.6203640408763059
1545,ODE,0.25700768829327514
1546,GMH,0.28839448308829435
1547,HMR,0.22401895541425434
1548,VUA,0.5654416871926429
1549,GEE,0.2475120045223585
1550,DTH,0.00594464220758678
1551,MGR,0.3542628570274335
1552,TED,0.08207968235164223
1553,LSG,0.6160870965530405
1554,DSD,-0.21168637959389594
1555,PAT,0.6043494131177191
1556,PPT,0.35360410482599586
1557,CAR,0.10895247711363427
1558,DVM,0.3051020004891363
1559,TBR,0.5892261492550023
1560,PCH,0.741651410173884
1561,GH3,0.04892121477342532
1562,VVS,0.5777176656763658
1563,CMM,0.6304287274348833
1564,NO1,0.2837438313939305
1565,XDC,0.15313032739588556
1566,GCF,
1567,GPC,
1568,VMT,
1569,VNZ,
1570,CK8,
1571,ABW,
1572,DMS,
1573,BHI,
1574,GDA,
1575,THM,
1576,HIO,
1577,NCG,
1578,SBG,
1579,BCR,
